Year,target
2016,3477.543105
2016,3533.732219
2016,3896.508666
2016,4107.120867
2016,4093.664641
2016,3590.659616
2016,3549.018364
2016,3821.1896
2016,3818.551333
2016,3639.535214
2016,3950.469041
2016,4118.897843
