Year,target
2016,3578.401451
2016,3607.372797
2016,3967.778547
2016,4070.429823
2016,4052.917538
2016,3664.045005
2016,3675.21087
2016,3686.776078
2016,3707.624426
2016,3922.933589
2016,3980.676043
2016,4245.971002
